AE22EEA71DE8,dw-01
A6226E2E0B0B,dw-02
356F291ABA10,dw-03
6327A5D3F684,dw-04
2328E0693B7B,dw-05
E99A69164BAD,dw-06
A96579545DD6,dw-07
6F2B76918B93,dw-11
B105916A4190,gy-01
F8ED84DE1601,gy-02
896DEB2D3B9C,gy-03
CC55C1B1D673,gy-03
F55AEFAC47A4,gy-03
98C2B857C24E,gy-04
D835DF3C65DF,gy-05
ABB713D8F2EC,gy-07
4E9980176B5B,gy-08
E83595340B8B,gy-10
1F66ECB2BD90,nch-003
B605DF3E5697,p-015
6DC0D5D9263C,p-036
B49E52BC0613,p-038
A1F6FB1D6C59,p-28
C9B1CC581796,p-30
09CC2B536BF7,paf2-01
B42BDE483AAB,paf2-02
551BF7CF1DEF,paf2-03
B90BABA60178,paf2-04
9A2A286EB549,paf2-05
19DEB4D72E1A,paf2-06
703D142CA055,paf2-07
78846E78A9BC,paf2-08
700032785441,paf2-09
216252743C78,paf2-10
D9121E1B890A,paf2-11
6B4D795712AA,paf2-12
42058B266F44,pch1-02
C18B1BD39C2A,pch1-02
5D0A5CCC1867,pch1-03
E3FC470CC5CF,pch1-05
0DFC2B2B3104,pch1-06
5C9E32E4F4F5,pch1-06
08FD5C44F802,pch1-12
A017D398D551,pch1-13
AE7CF718EB1D,pch1-14
E5FC727927C9,pch1-15
DCE7EB709E79,pch1-16
E299018E3F4E,pch1-17
053501396C51,pch1-18
1C60AE5A8E43,pch1-18
B06A09C2E977,pch1-19
054AA9767F1B,pch1-20
CCBA695CE23B,pch1-21
4A92EAE06168,pch1-22
E876B9634F71,pch1-23
523435E54222,pch1-24
B83F242CCD15,pch1-25
B5A9E8CEE384,pch1-26
41C95B8545B5,pch1-27
66C7F320BCF6,pch1-27
F8906040A3E5,pch1-28
36F381B2486A,pch1-29
01508F583357,pch1-30
70EBF0EFC035,pch1-30
160CF6786B51,pch1-31
C2518C148E20,pch1-32
F5A61959E474,pch1-33
2A091DA6F5D2,pch1-34
420516CC1ED0,pch1-35
E80E906DD906,pch1-36
984D5EAA5E50,pch1-37
AA3A0106AB32,pch1-37
58BF370BC322,pch1-38
D57B52189E43,pch1-39
6A07193FEEFB,pch1-40
C56BE6ACC9B6,pch1-41
5A978D5271FF,pch1-42
435BBF35FB1F,pch1-43
E3DCDFA34935,pch1-44
285FF5B218B3,pch1-45
08032E8A9AC2,pch1-46
9504F8679659,pch1-46
8A3ACDF2393C,pch1-47
EA2028692DFE,pch1-48
A3733328E497,pch1-49
9C9731F84B0A,pch1-50
C7EA3C096BEC,pch1-50
E4B92FCBDEE6,pch1-51
8D764972F6D0,pch1-52
A9404AE3AC65,pch1-52
0B272903CF59,pch1-53
D44E598C4317,pch1-54
76CFB81A3EF4,pch1-55
464C84F769B5,pch1-56
BCCE6337EF10,pch1-56
C5CBD52DA4B0,pch1-57
203481DC8CFF,pch1-58
4E70DADE1046,pch1-58
3D8C3EF26B56,pch1-59
8F2800A661B1,pch1-60
5D6114D78CFB,pch1-61
DB9AA0AF3C26,pch1-61
B8516D58A35D,pch1-62
D50B4B8278CD,pch1-63
89C43D835CED,pch1-64
F9B1920CEE8F,pch1-64
FF0793E557C1,pch1-65
EC6C2CDA0B86,pch1-66
FFC7E66BA1DA,pch1-67
C4057E07FFCB,pch1-68
94CFAF21B282,pch1-70
3889904FE34E,pch1-71
5053051E4D37,pch1-72
40A4E168ED06,pch1-73
420C8CD0D7F0,pch2-01
F0FEAF3DE0F4,pch2-02
8A172FB5CD65,pch2-03
4C8DE7C7A224,pch2-04
B61208EC303B,pch2-05
A6A3D570146B,pch2-06
2BE85B300A4D,pch2-10
F66A5A2B6E87,pch2-16
66BAFD639E0A,pch2-17
A9A85B80ADEB,pch2-17
11877485F462,pch2-19
187E4CC26484,pch2-20
2D69659EA9AF,pch2-22
FAC61B1EFA2C,pch2-23
410FD0C3E880,pch2-24
1BD1102C8D04,pch2-25
C3E8CD26BAB3,pch2-26
761357EB88C5,pch2-27
053CBBEAE929,pch2-28
39D94285AF0B,pch2-29
8EC65AA06E8B,pch2-30
B3C56C82FFBA,pch2-31
EBEF74E8DE15,pch2-32
AFC093E25356,pch2-33
A7E551B372F6,pch2-34
F43CF6654D6C,pch2-35
4567D8B0A29E,pch2-36
8C28481789D1,pch2-37
79FD178793C9,pch2-38
13C55725FC2C,pch2-39
4D320C97B546,pch2-40
A7A48BCD3971,pch2-41
C7214944702D,pch2-42
D21EB626D5AB,pch2-43
5A866E39569D,pch2-44
8486A8F49356,pch2-45
EBE8160D90F6,pch2-46
65331D30C4C8,pch2-47
2B780A71D60F,pch2-48
99F61F492F2A,pch2-49
04984A3B91F3,pch2-50
F1CF75A7D785,pch2-51
B3DA896D4F2F,pch2-52
CB53E4EE90C7,pch2-53
ADA2E6E6CAA7,pch2-54
B8E74F036E6A,pch2-55
4F2EFB00C269,pch2-56
CB80A52C552B,pch2-56
6FA8D4C0624F,pch2-57
032B2B5A855E,pch2-58
96AFDB0AB9E4,pch2-59
3D14CF041B4C,pch2-60
177D350F3C54,pch2-61
9D5E477260A4,pch2-62
E083872F4561,pch2-64
80918AAEFE3A,pch2-65
117CE10452A7,pch2-66
1F711B9E7A0E,pch2-67
6599DE17BC31,pch2-68
A480F2AE5573,pch2-69
D153949AA545,pch2-70
6EBD54BECEEA,pch2-71
BF72CD058EA4,pch2-73
D5FBBF83B770,pch2-74
E9E6BED57955,pch2-75
480060DCDDA1,pch2-76
724B6A308B99,pch3-01
8A0FD3FBEADA,pch3-02
03A5E7128364,pch3-03
35ED11EEBE73,pch3-04
BCFD4DD468F4,pch3-05
B4E9B7F5D1AD,pch3-06
91D1135A0B59,pch3-07
CE3795A0814F,pch3-09
D5875522B82F,pch3-10
9D5C3B42E675,pch3-11
1F6396C625C9,pch3-19
C84D827267C2,pch3-20
1A056FCC55F8,pch3-21
480C43BD9085,pch3-22
0F442D851EE0,pch3-23
3EF46C137918,pch3-24
1BEC2A4E6527,pch3-25
8FEE92D77A7D,pch3-26
49D8EEC397CC,pch3-27
81A69619B5BA,pch3-28
21A7E829726A,pch3-29
FED041790B1B,pch3-30
81ABEBC8092D,pch3-31
BD79D0AA7E67,pch3-32
BB6E3C781F2B,pch3-33
A6060736D432,pch3-34
AE516EF1E4D3,pch3-35
A7282FFB0D50,pch3-36
74850C8DF067,pch3-37
C705DD39E3E7,pch3-38
58B8AECD3601,pch3-39
C2267DF1F1FA,pch3-40
6094EF8436E6,pch3-41
5C2D53C8249F,pch3-42
444C5D810104,pch3-43
3E70A6E324EB,pch3-44
E5C71E910A41,pch3-46
FB5BEAB24105,pch3-47
B75DCF6C435C,pch3-48
54E534373F0E,pch3-49
97761D9634A4,pch3-50
7397A943040D,pch3-51
61F2A57CD0A4,pch3-52
82979300B161,pch3-53
1338A5CE2F83,pch3-54
B8E74F036E6A,pch3-55
C601416B450C,pch3-57
48FB0786B7D9,pch3-58
DBB9380C369E,pch3-59
A6A836B935A4,pch3-60
9DF8F309D07E,pch3-61
B46F5AE4AD96,pch3-62
DD3A56FD9C0C,pch3-63
9D306A84A3A2,pch3-64
E713F74CD1EF,pch3-65
CA48904B48A8,pch3-67
CD041340AB8D,pch3-68
CFFE71E1C387,pch3-69
BEEC8D86B8A2,pch3-70
C76C561AD38A,pch3-72
E269745DBDDE,pch3-73
BC24BF090782,pch3-74
C3485C54F71D,pch3-75
4D2EC4395FFE,pch3-76
B18678A3341A,pch3-77
D92162E0887F,pch3-78
9D7FC352486F,pch3-79
55A0C61F8406,pch3-80
D239AA7000DA,pch3-82
12DB5BE44FF2,pch3-83
BA03FD4A898B,pch3-84
90102D08D6B4,pch3-86
C67EEB2E7BCC,pch4-01
77B58514A2E5,pch4-02
92A04A9B1646,pch4-03
4CF4CBBCD88C,pch4-04
3A336845BC24,pch4-07
21C2DF9B045E,pch4-09
6704A7CB7E55,pch4-12
C87C7190B8AA,pch4-13
9030892A96FE,pch4-14
28656F18219E,pch4-16
E99E722FE46A,pch4-17
BA3C852DEB24,pch4-18
382955037857,pch4-19
924C8CFD18EF,pch4-20
8D18EF8989EF,pch4-21
2679442FD193,pch4-22
32BB77C059B2,pch4-23
85111486CC71,pch4-24
D824D015D260,pch4-25
CB885EC6635F,pch4-26
2EDF0560AA96,pch4-27
5420E458FC65,pch4-28
9808FEAC6CF7,pch4-29
B60A93A6C329,pch4-30
DEFDCD4CDF0C,pch4-31
F29A9218D0D8,pch4-32
C02C8643276F,pch4-33
099DA0D28EA9,pch4-34
32A9377367A3,pch4-35
543D27385FBD,pch4-36
A7282FFB0D50,pch4-36
22A2C59C0C7C,pch4-38
9E8A258B4C9A,pch4-39
5D26E5C8E346,pch4-40
EF55EC7E6128,pch4-41
7929CE889BB0,pch4-42
5BC23BEED261,pch4-43
A2D1D4275AC8,pch4-44
19A4E0C48FA5,pch4-45
1C832EA8E807,pch4-46
3A24B904CE6F,pch4-50
E2D9B7E8E7A5,pch4-51
9C0C608C00A0,pch4-52
07F1D01B7720,pch4-53
1ABFA3E51B37,pch4-54
28BDDB0B5761,pch4-55
3393C16E11A8,pch4-56
ED33EE0FEB1D,pch4-57
75FC817C9454,pch4-58
F88C0D03E6CC,pch4-60
C96F2181A4B3,pch4-67
C8227A91C1AE,pch4-69
9713D802FDFC,pch4-72
9674457BE2B1,pch4-73
27D9837DC9F7,pch4-74
75A90F47072B,pch4-75
060037624298,pch4-76
32653C92E1EA,pch4-77
C0183848F7B0,pch4-78
290F9B446DD2,pch4-79
081369AE017E,pch4-80
0B5557E1AE42,pch4-81
779539EBC357,pch4-84
8BDE81D3796E,pch4-86
022DB1FAF4A2,pch4-87
F5AAE7A32FFA,pch4-88
88BFCF867BFE,pch4-90
3D8D13DEBBB6,pch4-91
737E61454C48,pch4-92
C3FF5B745C19,pch4-94
FB947E97D1AF,pch5-14
4A841886E45D,pch5-15
DED834A1F9E8,pch5-21
D12FE2C6ECAB,pch5-24
B792593F958B,pch5-26
FC484B8467F5,pch5-27
2C96192B29E7,pch5-29
A5A0E1A8561F,pch5-31
CF1B7B043379,pch5-32
962086D74B85,pch5-33
B391311B8CDF,pch5-35
B3ACF2CC75FC,pch5-36
D25BC9E5BD6E,pch5-37
F52887E499C5,pch5-38
90A58AFAB46C,pch5-39
523724667657,pch5-41
DA4EB51D53F2,pch5-42
D5C7FD5C6008,pch5-43
D5F48ED035D7,pch5-44
7F73C4172DE4,pch5-47
F21FF549F097,pch5-48
BCAB373FA40F,pch5-49
0ABC53654C76,pch5-50
1284449F6052,pch5-51
D6726D445FC8,pch5-52
7F86BD4666AE,pch5-53
AC8EB8299E4B,pch5-57
E6362CC1A79F,pch5-58
6B1EE56BA339,pch5-70
ACBA559440A4,pch5-73
68D86CDE30D3,pch5-80
03C539785BB9,pch5-85
06214FCA94D4,pch5-87
AF4462650454,pch5-91
2983FEDC05D8,pch5-92
03D3C5CD2FC3,pch5-93
B0A5579546B7,pch5-94
A48B945E0460,pch5-95
060909905437,pch5-96
AACF13B74A9A,pch5-97
4367BC1C5E75,pch5-98
11A59286D5FC,pm-01
3C1878999AD3,pm-03
09D1F74E28FB,rb-01
43D1F1DDA4BE,rb-04
1175630A4B87,rb-05
1E5FABD3067A,rb-06
9D0D0D0831D7,rb-07
0926BA12559E,rb-08
30EF440D0B5C,rb-09
000701ECE4B5,rb-12
4266133159E9,sa-01
54F4220DBF76,sa-02
21024652B3F6,sa-03
1696296E225D,sa-04
A8204557639A,sa-05
FD4F96228203,sa-06
20C17BC6351C,sa-07
5EF91D516055,sa-08
A6E131A65ECE,sh-01
83E87E2F4D71,sh-02
EF25FF230430,sh-03
A5A4E7E9AF3E,sh-04
EB093294D91C,sh-05
9C1F34915E6F,sh-06
54F1E8495CDA,sh-07
66BC86386AC4,sh-09
8D8A58857116,sh-10
63B65EFAC38F,sl4-15
00544E66E082,sl4-16
E192433F79C7,sl4-18
2944815D3E57,sl5-74
BD067A97E31D,sl5-75
99B561D90845,sl5-76
CBAC485F3B42,sl5-77
883AD4FF112C,sl5-78
DF1F42FA5970,sl5-79
FA7E61D1BE14,sl5-80
6B0552B5DA08,sl5-81
C139CAF1499C,sl5-82
E4C7895FE319,sl5-83
C7C8C17348D8,sl5-84
3BD320858D85,sl5-85
7A9F2CC9178D,sl5-86
842515DD6632,sl5-91
C5F4FA22AAA3,sl5-92
C8C8ECA27767,sl5-93
D074EE50A157,sl5-94
B1120F14E568,sl5-95
52BB0F1336EE,sl5-96
DBA12B9194B3,sl5-97
6AAA28954963,sl5-99
75F12CF4E315,sp-001
E1095AD4D7A0,sp-002
B58046046156,sp-003
AB480C2830C0,sp-004
E769B8146794,sp-005
A5C0B3CA76C7,sp-006
3095D8C783B5,sp-007
6519EF95DE95,sp-008
700A07039466,sp-009
F71406C081DA,sp-010
E251F2415952,sp-011
4B7F5B2B800B,sp-012
A205161A07FE,sp-013
8A429B7ABA9D,sp-014
D27D561E8130,sp-015
87FC4340C20A,sp-016
DA8039072747,uq-01
000834B9086C,uq-02
132CFE5D4C3C,uq-03
BEADF16E8389,uq-04
060008FDA35B,uq-05
0D884D45BFF3,uq-06
C790D2639DC3,uq-07
7AE7C4DF90A8,uq-10